icb,cluster
Central East ICB,
Essex ICB,Greater Essex Cluster
Norfolk and Suffolk ICB,
North East London ICB,
South East London ICB,South East London ICB with South West London ICB
South West London ICB,South East London ICB with South West London ICB
West and North London ICB,
North West London ICB,West and North London ICB
Birmingham and Solihull ICB,Birmingham and Solihull ICB with Black Country ICB
Black Country ICB,Birmingham and Solihull ICB with Black Country ICB
Coventry and Warwickshire ICB,Coventry and Warwickshire ICB with Herefordshire and Worcestershire ICB
Herefordshire and Worcestershire ICB,Coventry and Warwickshire ICB with Herefordshire and Worcestershire ICB
Derby and Derbyshire ICB,Derby and Derbyshire ICB with Lincolnshire ICB and with Nottingham and Nottinghamshire ICB
Lincolnshire ICB,Derby and Derbyshire ICB with Lincolnshire ICB and with Nottingham and Nottinghamshire ICB
Nottingham and Nottinghamshire ICB,Derby and Derbyshire ICB with Lincolnshire ICB and with Nottingham and Nottinghamshire ICB
"Leicester, Leicestershire and Rutland ICB","Leicester, Leicestershire and Rutland ICB with Northamptonshire ICB"
Northamptonshire ICB,"Leicester, Leicestershire and Rutland ICB with Northamptonshire ICB"
"Shropshire, Telford and Wrekin ICB","Shropshire, Telford and Wrekin ICB with Staffordshire and Stoke-on-Trent ICB"
Staffordshire and Stoke-on-Trent ICB,"Shropshire, Telford and Wrekin ICB with Staffordshire and Stoke-on-Trent ICB"
Humber and North Yorkshire ICB,
North East and North Cumbria ICB,
South Yorkshire ICB,
West Yorkshire ICB,
Cheshire and Merseyside ICB,
Greater Manchester ICB,
Lancashire and South Cumbria ICB,
Hampshire and Isle of Wight ICB,
Kent and Medway ICB,
Surrey and Sussex ICB,
Thames Valley ICB,
"Buckinghamshire, Oxfordshire and Berkshire West ICB",Thames Valley ICB
Frimley ICB,Thames Valley ICB
"Bath and North East Somerset, Swindon and Wiltshire ICB","Bath and North East Somerset, Swindon and Wiltshire ICB with Dorset ICB and with Somerset ICB"
Dorset ICB,"Bath and North East Somerset, Swindon and Wiltshire ICB with Dorset ICB and with Somerset ICB"
Somerset ICB,"Bath and North East Somerset, Swindon and Wiltshire ICB with Dorset ICB and with Somerset ICB"
"Bristol, North Somerset and South Gloucestershire ICB","Bristol, North Somerset and South Gloucestershire ICB with Gloucestershire ICB"
Gloucestershire ICB,"Bristol, North Somerset and South Gloucestershire ICB with Gloucestershire ICB"
Cornwall and Isles of Scilly ICB,Cornwall and Isles of Scilly ICB with Devon ICB
Cornwall and the Isles of Scilly ICB,Cornwall and Isles of Scilly ICB with Devon ICB
Devon ICB,Cornwall and Isles of Scilly ICB with Devon ICB
Norfolk and Waveney ICB,Greater Essex Cluster
Suffolk and North East Essex ICB,Greater Essex Cluster
"Bedfordshire, Luton and Milton Keynes ICB",Central East ICB
Hertfordshire and West Essex ICB,Greater Essex Cluster
Mid and South Essex ICB,Greater Essex Cluster
North Central London ICB,
Surrey Heartlands ICB,Surrey and Sussex ICB
Sussex ICB,Surrey and Sussex ICB
Cambridgeshire and Peterborough ICB,Central East ICB
